Company Name,Location,Website,Phone,Emails (Excl. info/contact),Rating,Review Count
SF Website Design,"344 Harriet St #205, San Francisco, CA 94103",https://sfwebsitedesign.net/,(650) 271-9374,N/A,5,16
Zelo Creatives | Digital Design Agency | San Francisco,N/A,https://zelocreatives.com/web-design-san-francisco-ca/,(443) 247-5514,N/A,5,2
Meadow Design Inc.,"2 Embarcadero Ctr 8th Floor, San Francisco, CA 94111",https://meadow.cc/,(415) 550-0744,N/A,5,3
Hybrid Design,"777 Florida St Suite 202, San Francisco, CA 94110",http://hybrid-design.com/,(415) 227-4700,N/A,5,1
Oyster Creative,"147 Front St #225, Brooklyn, NY 11201",http://oystercreativeco.com/,(601) 348-7481,N/A,5,2
Bindron Packaging & Branding Agency,"155 Water St Suite 216, Brooklyn, NY 11201",N/A,(347) 348-7163,N/A,5,1
Known Creative,"195 Montague St 14th floor, Brooklyn, NY 11201",http://beknown.nyc/,(917) 789-2593,N/A,5,21
Chadwick Creative,"240 Kent Ave b12, Brooklyn, NY 11249",http://chadwickcreative.com/,(843) 455-2773,N/A,5,13
Dear Future,"20 Jay St, Brooklyn, NY 11201",http://www.dearfuture.co/,(917) 224-4150,N/A,5,1
Level Group,"270 Jay St suite 11-i, Brooklyn, NY 11201",https://www.levelnyc.com/,(212) 594-2522,N/A,5,4
Spotlight Design,"627 Eastern Pkwy, Brooklyn, NY 11213",http://www.spotlightdesign.com/,(718) 493-2866,N/A,4.9,17
MGMT. design,"45 Main St #500, Brooklyn, NY 11201",http://www.mgmtdesign.com/,(718) 855-6262,N/A,3,2
Communal Creative,"231 Front St suite 208, Brooklyn, NY 11201",http://communalcreative.com/,N/A,N/A,5,3
Creativa New York - Visual and Digital Design Studio,"195 Plymouth St, Brooklyn, NY 11201",https://creativa.cc/,+39 339 738 7727,N/A,5,1
Lunarvision Web Design Studios-NYC,"155 Water St, Brooklyn, NY 11201",https://www.webocreators.com/,(929) 290-2445,N/A,4.6,22
Creatibuzz - UI/UX Design Agency In USA,"945 Taraval St #1083, San Francisco, CA 94116",https://creatibuzz.com/,(415) 513-0355,N/A,5,5
Design Salt Creative,N/A,http://www.designsaltcreative.com/,N/A,N/A,5,14
DUMBO Design District,"142 Plymouth St, Brooklyn, NY 11201",N/A,N/A,N/A,4.9,7
Voco Design,"2055 California St #204, San Francisco, CA 94109",https://www.vocodesign.com/,(818) 850-5836,N/A,4.7,39
Charly Agency,"166 Geary St Ste 1500 #1787, San Francisco, CA 94108",http://charlyagency.com/,N/A,N/A,5,22
Web Design Agency in San Francisco for AI and B2B companies — Lazarev.agency,"630 Mason St, San Francisco, CA 94108",https://www.lazarev.agency/,(628) 250-5204,N/A,5,48
Neuron - UX/UI Design Agency,"650 California St F7, San Francisco, CA 94108",https://www.neuronux.com/?utm_source=GMB&utm_medium=website&utm_campaign=gmb-san-francisco,(415) 347-1985,N/A,4.9,39
Herefor Studio,"195 Plymouth St Unit 2/12, Brooklyn, NY 11201",http://hereforstudio.com/,(303) 931-8350,N/A,5,5
Design Womb | Branding & Packaging Design Agency,"3098 Washington St, San Francisco, CA 94115",https://designwomb.com/,(415) 294-1714,N/A,5,1
The Design Boutique = Web & SEO,"650 California St 7th floor, San Francisco, CA 94108",https://www.thedesignboutique.com/,(415) 890-5934,N/A,5,68
Linked by Air,"45 Main St, Brooklyn, NY 11201",https://www.linkedbyair.net/,(212) 285-0945,N/A,5,1
Clay,"300 Broadway #23, San Francisco, CA 94133",http://clay.global/,(415) 796-6262,N/A,4.8,23
SFWP - San Francisco Web Design Agency,"353 Kearny St, San Francisco, CA 94108",https://www.sfwpexperts.com/,(415) 481-3385,N/A,4.8,18
Design Bridge and Partners,"72 Spring St 3rd floor, New York, NY 10012",http://www.designbridge.com/,N/A,N/A,4,6
American Design Club,"265 Canal St, New York, NY 10013",http://www.americandesignclub.com/,(718) 237-4313,N/A,4.2,5
"darling agency | creative, design and advertising","420 W 14th St 5th Floor, New York, NY 10014",http://www.darling.nyc/,(212) 242-2000,N/A,4.4,14
RoAndCo Studio,"197 Grand St #5w, New York, NY 10013",http://roandcostudio.com/,(646) 290-6590,N/A,5,3
Team,"20 Jay St Suite 740, Brooklyn, NY 11201",http://team.design/,(718) 865-4000,N/A,N/A,0
Lustre,"447 Broadway 2nd Floor, New York, NY 10013",http://lustre.nyc/,(929) 274-2321,N/A,5,16
SoHo Experiential LLC,"205 Hudson St, New York, NY 10013",http://sohoexp.com/,(212) 680-4220,N/A,3.7,9
Design Land NYC,"101 6th Ave floor 9, New York, NY 10013",https://www.designlandnyc.com/,(212) 505-0300,N/A,4.6,18
"MAXBURST, Inc. | Web Design Company NYC","127 W 30th St 9th Floor #989, New York, NY 10001",https://www.maxburst.com/,(212) 651-1879,N/A,5,55
CASE Agency,"145 Wooster St, New York, NY 10012",http://www.caseagency.com/,(212) 699-1842,N/A,5,4
Designized,"15 W 38th St, New York, NY 10018",https://designized.com/,(518) 444-2820,N/A,4.9,97
AHOY STUDIOS,"456 Broadway, New York, NY 10013",http://www.ahoystudios.com/,(212) 645-0565,N/A,4.8,25
DD.NYC®,"85 Broad St 17th Floor - Suite, #17.005, New York, NY 10004",https://dd.nyc/?utm_source=gmb&utm_medium=google&utm_campaign=gmb-oo,(212) 380-1761,N/A,4.9,85
Worksight - Graphic Design NYC,"347 E 5th St, New York, NY 10003",https://worksight.com/,(212) 777-3558,N/A,4.9,43
Think Big Design Group LLC,"67 Thompson St, New York, NY 10012",http://www.thinkbigdesigngroup.com/,N/A,N/A,5,7
Branding New York City,"580 5th Ave #2908, New York, NY 10036",https://www.brandingnycity.com/,(646) 340-0889,N/A,5,25
Prime Studio™,"315 W 39th St #1101, New York, NY 10018",http://www.primestudio.com/,(212) 239-2395,N/A,5,12
Awesome,"55 Broadway 3rd floor, New York, NY 10006",http://awesomenyc.com/,(347) 513-4337,N/A,4.9,10
Odgis + Co,"144 E 44th St #503, New York, NY 10017",http://www.odgis.com/,(212) 286-0277,N/A,5,14
GreyBox Creative,"1345 6th Ave Suite 33-060, New York, NY 10105",http://www.greyboxcreative.com/,(646) 354-7770,N/A,4.7,14
Neuron - UX/UI Design Agency New York,"368 9th Ave FL 6, New York, NY 10001",https://www.neuronux.com/?utm_source=GMB&utm_medium=website&utm_campaign=gmb-new-york,(617) 237-0058,N/A,5,17
Verve Concepts - NYC Branding Agency,"750 Lexington Ave 9th floor, New York, NY 10022",https://www.verveconcepts.com/brand_audit/,(212) 668-0557,N/A,5,6
KOTA - Creative Digital Agency New York,"6th Floor, 477 Madison Ave, New York, NY 10022",http://kota.co.uk/,(833) 502-0267,N/A,N/A,0
Amsive,"915 Broadway Ste 501, New York, NY 10010",N/A,(212) 661-8969,N/A,4.6,10
North Street Creative,"106 W 32nd St, New York, NY 10001",http://northstreetcreative.com/,(212) 227-1301,N/A,5,4
RJP.design | Web Design Agency NYC,"49 E 34th St #19C, New York, NY 10016",http://rjp.design/,(845) 533-3111,N/A,5,191
Designity,"1178 Broadway #3041, New York, NY 10001",https://www.designity.com/,(917) 634-3407,N/A,4.8,118
Gallery Design Studio LLC,"405 Lexington Ave 9th floor, New York, NY 10174",https://www.gallerydesignstudio.com/,N/A,N/A,5,18
ny7designs,"20 West St, New York, NY 10004",https://www.ny7designs.com/,(646) 262-9493,N/A,4.9,64
RIOT – Creative Agency & Production Studio,"438 W 37th St #5a, New York, NY 10018",https://riot.nyc/,(424) 296-1444,N/A,4.9,18
3D Design Agency,"85 Broad St 17th Floor, #17.005, New York, NY 10004",https://3ddesignagency.com/,(917) 376-5903,N/A,5,2
THE DESIGN AGENCY,"166 Geary St #1500, San Francisco, CA 94108",https://designagencygroup.com/,(415) 651-8408,N/A,5,2
